wavenumber(cm-1),absorption_coefficient(none),err,quality
10.0039,2.4330,0,
10.1245,2.4392,0,
10.2450,2.4474,0,
10.3655,2.4587,0,
10.4861,2.4733,0,
10.6066,2.4908,0,
10.7271,2.5103,0,
10.8476,2.5313,0,
10.9682,2.5536,0,
11.0887,2.5773,0,
11.2092,2.6028,0,
11.3298,2.6304,0,
11.4503,2.6600,0,
11.5708,2.6913,0,
11.6913,2.7236,0,
11.8119,2.7566,0,
11.9324,2.7902,0,
12.0529,2.8244,0,
12.1735,2.8596,0,
12.2940,2.8956,0,
12.4145,2.9321,0,
12.5351,2.9684,0,
12.6556,3.0041,0,
12.7761,3.0393,0,
12.8966,3.0746,0,
13.0172,3.1106,0,
13.1377,3.1479,0,
13.2582,3.1866,0,
13.3788,3.2263,0,
13.4993,3.2663,0,
13.6198,3.3061,0,
13.7403,3.3462,0,
13.8609,3.3874,0,
13.9814,3.4310,0,
14.1019,3.4777,0,
14.2225,3.5281,0,
14.3430,3.5818,0,
14.4635,3.6379,0,
14.5840,3.6954,0,
14.7046,3.7535,0,
14.8251,3.8122,0,
14.9456,3.8721,0,
15.0662,3.9342,0,
15.1867,3.9989,0,
15.3072,4.0665,0,
15.4277,4.1366,0,
15.5483,4.2091,0,
15.6688,4.2834,0,
15.7893,4.3596,0,
15.9099,4.4377,0,
16.0304,4.5174,0,
16.1509,4.5985,0,
16.2715,4.6805,0,
16.3920,4.7630,0,
16.5125,4.8456,0,
16.6331,4.9283,0,
16.7536,5.0109,0,
16.8741,5.0934,0,
16.9946,5.1751,0,
17.1152,5.2552,0,
17.2357,5.3330,0,
17.3562,5.4082,0,
17.4767,5.4812,0,
17.5973,5.5532,0,
17.7178,5.6256,0,
17.8383,5.6994,0,
17.9589,5.7749,0,
18.0794,5.8524,0,
18.1999,5.9317,0,
18.3205,6.0131,0,
18.4410,6.0970,0,
18.5615,6.1844,0,
18.6821,6.2763,0,
18.8026,6.3737,0,
18.9231,6.4768,0,
19.0436,6.5856,0,
19.1642,6.6998,0,
19.2847,6.8189,0,
19.4052,6.9424,0,
19.5257,7.0701,0,
19.6463,7.2015,0,
19.7668,7.3364,0,
19.8873,7.4744,0,
20.0079,7.6151,0,
20.1284,7.7584,0,
20.2489,7.9039,0,
20.3695,8.0518,0,
20.4900,8.2020,0,
20.6105,8.3541,0,
20.7310,8.5074,0,
20.8516,8.6611,0,
20.9721,8.8143,0,
21.0926,8.9666,0,
21.2132,9.1180,0,
21.3337,9.2693,0,
21.4542,9.4212,0,
21.5748,9.5744,0,
21.6953,9.7287,0,
21.8158,9.8831,0,
21.9363,10.0366,0,
22.0569,10.1880,0,
22.1774,10.3367,0,
22.2979,10.4826,0,
22.4184,10.6260,0,
22.5390,10.7672,0,
22.6595,10.9068,0,
22.7800,11.0449,0,
22.9006,11.1819,0,
23.0211,11.3183,0,
23.1416,11.4545,0,
23.2622,11.5912,0,
23.3827,11.7290,0,
23.5032,11.8685,0,
23.6238,12.0104,0,
23.7443,12.1550,0,
23.8648,12.3026,0,
23.9853,12.4535,0,
24.1059,12.6074,0,
24.2264,12.7641,0,
24.3469,12.9229,0,
24.4674,13.0828,0,
24.5880,13.2425,0,
24.7085,13.4007,0,
24.8290,13.5563,0,
24.9496,13.7089,0,
25.0701,13.8587,0,
25.1906,14.0060,0,
25.3112,14.1513,0,
25.4317,14.2953,0,
25.5522,14.4383,0,
25.6728,14.5808,0,
25.7933,14.7236,0,
25.9138,14.8677,0,
26.0343,15.0147,0,
26.1549,15.1659,0,
26.2754,15.3224,0,
26.3959,15.4850,0,
26.5164,15.6540,0,
26.6370,15.8291,0,
26.7575,16.0095,0,
26.8780,16.1939,0,
26.9986,16.3809,0,
27.1191,16.5692,0,
27.2396,16.7574,0,
27.3602,16.9441,0,
27.4807,17.1282,0,
27.6012,17.3093,0,
27.7218,17.4875,0,
27.8423,17.6627,0,
27.9628,17.8352,0,
28.0833,18.0053,0,
28.2039,18.1737,0,
28.3244,18.3415,0,
28.4449,18.5101,0,
28.5654,18.6808,0,
28.6860,18.8551,0,
28.8065,19.0335,0,
28.9270,19.2163,0,
29.0476,19.4030,0,
29.1681,19.5930,0,
29.2886,19.7857,0,
29.4092,19.9803,0,
29.5297,20.1764,0,
29.6502,20.3739,0,
29.7707,20.5726,0,
29.8913,20.7722,0,
30.0118,21.2143,0,
30.1323,21.4241,0,
30.2529,21.6328,0,
30.3734,21.8401,0,
30.4939,22.0454,0,
30.6145,22.2486,0,
30.7350,22.4497,0,
30.8555,22.6490,0,
30.9760,22.8494,0,
31.0966,23.0493,0,
31.2171,23.2491,0,
31.3376,23.4494,0,
31.4581,23.6530,0,
31.5787,23.8582,0,
31.6992,24.0655,0,
31.8197,24.2752,0,
31.9403,24.4894,0,
32.0608,24.7070,0,
32.1813,24.9284,0,
32.3019,25.1539,0,
32.4224,25.3847,0,
32.5429,25.6200,0,
32.6634,25.8600,0,
32.7840,26.1044,0,
32.9045,26.3541,0,
33.0250,26.6080,0,
33.1456,26.8658,0,
33.2661,27.1275,0,
33.3866,27.3939,0,
33.5072,27.6644,0,
33.6277,27.9391,0,
33.7482,28.2180,0,
33.8687,28.5018,0,
33.9893,28.7894,0,
34.1098,29.0801,0,
34.2303,29.3732,0,
34.3509,29.6687,0,
34.4714,29.9652,0,
34.5919,30.2621,0,
34.7124,30.5590,0,
34.8330,30.8555,0,
34.9535,31.1512,0,
35.1975,31.4898,0,
35.6796,32.4558,0,
36.1618,33.4165,0,
36.6439,34.3793,0,
37.1261,35.3504,0,
37.6082,36.3292,0,
38.0904,37.3136,0,
38.5726,38.3003,0,
39.0547,39.2911,0,
39.5369,40.2920,0,
40.0190,41.3068,0,
40.5012,42.3337,0,
40.9833,43.3672,0,
41.4655,44.4070,0,
41.9477,45.4578,0,
42.4298,46.5212,0,
42.9120,47.5947,0,
43.3941,48.6784,0,
43.8763,49.7725,0,
44.3584,50.8712,0,
44.8406,51.9717,0,
45.3227,53.0757,0,
45.8049,54.1852,0,
46.2871,55.3022,0,
46.7692,56.4242,0,
47.2514,57.5484,0,
47.7335,58.6746,0,
48.2157,59.8032,0,
48.6979,60.9374,0,
49.1800,62.0788,0,
49.6622,63.2255,0,
50.1443,64.3773,0,
50.6265,65.5323,0,
51.1086,66.6897,0,
51.5908,67.8509,0,
52.0729,69.0173,0,
52.5551,70.1899,0,
53.0373,71.3673,0,
53.5194,72.5475,0,
54.0016,73.7303,0,
54.4837,74.9162,0,
54.9659,76.1046,0,
55.4481,77.2925,0,
55.9302,78.4792,0,
56.4124,79.6667,0,
56.8945,80.8543,0,
57.3767,82.0407,0,
57.8588,83.2243,0,
58.3410,84.4057,0,
58.8231,85.5856,0,
59.3053,86.7644,0,
59.7875,87.9432,0,
60.2696,89.1213,0,
60.7518,90.2993,0,
61.2339,91.4798,0,
61.7161,92.6649,0,
62.1983,93.8568,0,
62.6804,95.0559,0,
63.1626,96.2633,0,
63.6447,97.4811,0,
64.1269,98.7111,0,
64.6090,99.9545,0,
65.0912,101.2096,0,
65.5734,102.4748,0,
66.0555,103.7496,0,
66.5377,105.0323,0,
67.0198,106.3198,0,
67.5020,107.6081,0,
67.9841,108.8954,0,
68.4663,110.1809,0,
68.9484,111.4647,0,
69.4306,112.7484,0,
69.9128,114.0328,0,
70.3949,115.3188,0,
70.8771,116.6086,0,
71.3592,117.9041,0,
71.8414,119.2087,0,
72.3235,120.5253,0,
72.8057,121.8549,0,
73.2879,123.1976,0,
73.7700,124.5538,0,
74.2522,125.9251,0,
74.7343,127.3105,0,
75.2165,128.7073,0,
75.6986,130.1119,0,
76.1808,131.5195,0,
76.6630,132.9268,0,
77.1451,134.3319,0,
77.6273,135.7315,0,
78.1094,137.1209,0,
78.5916,138.4971,0,
79.0737,139.8603,0,
79.5559,141.2113,0,
80.0380,142.5505,0,
80.5202,143.8801,0,
81.0024,145.2023,0,
81.4845,146.5215,0,
81.9667,147.8441,0,
82.4488,149.1761,0,
82.9310,150.5210,0,
83.4132,151.8811,0,
83.8953,153.2600,0,
84.3775,154.6610,0,
84.8596,156.0849,0,
85.3418,157.5293,0,
85.8239,158.9895,0,
86.3061,160.4606,0,
86.7883,161.9378,0,
87.2704,163.4163,0,
87.7526,164.8897,0,
88.2347,166.3525,0,
88.7169,167.8011,0,
89.1990,169.2341,0,
89.6812,170.6526,0,
90.1633,172.4398,0,
90.6455,173.8002,0,
91.1277,175.1494,0,
91.6098,176.4878,0,
92.0920,177.8182,0,
92.5741,179.1451,0,
93.0563,180.4697,0,
93.5384,181.7903,0,
94.0206,183.1036,0,
94.5028,184.4073,0,
94.9849,185.7010,0,
95.4671,186.9604,0,
95.9492,188.2046,0,
96.4314,189.4438,0,
96.9136,190.6770,0,
97.3957,191.9014,0,
97.8779,193.1168,0,
98.3600,194.3238,0,
98.8422,195.5231,0,
99.3243,196.7195,0,
99.8065,197.9151,0,
100.2887,199.1050,0,
100.7708,200.2867,0,
101.2530,201.4638,0,
101.7351,202.6399,0,
102.2173,203.8123,0,
102.6994,204.9808,0,
103.1816,206.1464,0,
103.6637,207.3045,0,
104.1459,208.4546,0,
104.6281,209.6023,0,
105.1102,210.7482,0,
105.5924,211.8862,0,
106.0745,213.0136,0,
106.5567,214.1327,0,
107.0388,215.2454,0,
107.5210,216.3541,0,
108.0032,217.4611,0,
108.4853,218.5630,0,
108.9675,219.6562,0,
109.4496,220.7440,0,
109.9318,221.8314,0,
110.4139,222.9187,0,
110.8961,224.0038,0,
111.3783,225.0875,0,
111.8604,226.1691,0,
112.3426,227.2486,0,
112.8247,228.3300,0,
113.3069,229.4152,0,
113.7890,230.5025,0,
114.2712,231.5899,0,
114.7533,232.6768,0,
115.2355,233.7667,0,
115.7177,234.8610,0,
116.1998,235.9596,0,
116.6820,237.0608,0,
117.1641,238.1635,0,
117.6463,239.2691,0,
118.1285,240.3783,0,
118.6106,241.4935,0,
119.0928,242.6148,0,
119.5749,243.7401,0,
120.0571,244.8697,0,
120.5392,246.0059,0,
121.0214,247.1494,0,
121.5036,248.2980,0,
121.9857,249.4522,0,
122.4679,250.6127,0,
122.9500,251.7757,0,
123.4322,252.9418,0,
123.9143,254.1144,0,
124.3965,255.2919,0,
124.8786,256.4718,0,
125.3608,257.6554,0,
125.8430,258.8448,0,
126.3251,260.0379,0,
126.8073,261.2330,0,
127.2894,262.4330,0,
127.7716,263.6365,0,
128.2537,264.8429,0,
128.7359,266.0549,0,
129.2181,267.2732,0,
129.7002,268.4945,0,
130.1824,269.7178,0,
130.6645,270.9454,0,
131.1467,272.1758,0,
131.6288,273.4057,0,
132.1110,274.6352,0,
132.5932,275.8639,0,
133.0753,277.0906,0,
133.5575,278.3151,0,
134.0396,279.5372,0,
134.5218,280.7550,0,
135.0040,281.9664,0,
135.4861,283.1734,0,
135.9683,284.3762,0,
136.4504,285.5721,0,
136.9326,286.7602,0,
137.4147,287.9400,0,
137.8969,289.1130,0,
138.3790,290.2810,0,
138.8612,291.4434,0,
139.3434,292.5999,0,
139.8255,293.7512,0,
140.3077,294.8978,0,
140.7898,296.0401,0,
141.2720,297.1766,0,
141.7541,298.3061,0,
142.2363,299.4278,0,
142.7185,300.5435,0,
143.2006,301.6553,0,
143.6828,302.7605,0,
144.1649,303.8562,0,
144.6471,304.9428,0,
145.1292,306.0222,0,
145.6114,307.0934,0,
146.0936,308.1560,0,
146.5757,309.2102,0,
147.0579,310.2526,0,
147.5400,311.2828,0,
148.0222,312.3037,0,
148.5043,313.3156,0,
148.9865,314.3161,0,
149.4686,315.3054,0,
149.9508,316.2852,0,
150.4330,317.2550,0,
150.9151,318.2149,0,
151.3973,319.1672,0,
151.8794,320.1117,0,
152.3616,321.0475,0,
152.8438,321.9769,0,
153.3259,322.9017,0,
153.8081,323.8207,0,
154.2902,324.7350,0,
154.7724,325.6479,0,
155.2545,326.5608,0,
155.7367,327.4741,0,
156.2189,328.3896,0,
156.7010,329.3075,0,
157.1832,330.2278,0,
157.6653,331.1511,0,
158.1475,332.0782,0,
158.6296,333.0103,0,
159.1118,333.9475,0,
159.5940,334.8904,0,
160.0761,335.8390,0,
160.5583,336.7926,0,
161.0404,337.7510,0,
161.5226,338.7134,0,
162.0047,339.6791,0,
162.4869,340.6479,0,
162.9691,341.6182,0,
163.4512,342.5897,0,
163.9334,343.5632,0,
164.4155,344.5391,0,
164.8977,345.5178,0,
165.3798,346.5001,0,
165.8620,347.4855,0,
166.3442,348.4719,0,
166.8263,349.4587,0,
167.3085,350.4469,0,
167.7906,351.4355,0,
168.2728,352.4229,0,
168.7549,353.4096,0,
169.2371,354.3953,0,
169.7192,355.3776,0,
170.2014,356.3548,0,
170.6836,357.3274,0,
171.1657,358.2939,0,
171.6479,359.2526,0,
172.1300,360.2035,0,
172.6122,361.1448,0,
173.0943,362.0750,0,
173.5765,362.9957,0,
174.0587,363.9094,0,
174.5408,364.8150,0,
175.0230,365.7122,0,
175.5051,366.6031,0,
175.9873,367.4901,0,
176.4694,368.3752,0,
176.9516,369.2619,0,
177.4338,370.1529,0,
177.9159,371.0485,0,
178.3981,371.9513,0,
178.8802,372.8648,0,
179.3624,373.7911,0,
179.8445,374.7310,0,
180.3267,375.6858,0,
180.8089,376.6556,0,
181.2910,377.6419,0,
181.7732,378.6451,0,
182.2553,379.6630,0,
182.7375,380.6935,0,
183.2196,381.7360,0,
183.7018,382.7898,0,
184.1840,383.8536,0,
184.6661,384.9264,0,
185.1483,386.0079,0,
185.6304,387.0969,0,
186.1126,388.1933,0,
186.5947,389.2975,0,
187.0769,390.4075,0,
187.5591,391.5216,0,
188.0412,392.6388,0,
188.5234,393.7579,0,
189.0055,394.8780,0,
189.4877,395.9989,0,
189.9698,397.1203,0,
190.4520,398.2400,0,
190.9341,399.3574,0,
191.4163,400.4723,0,
191.8985,401.5825,0,
192.3806,402.6852,0,
192.8628,403.7795,0,
193.3449,404.8644,0,
193.8271,405.9381,0,
194.3092,407.0018,0,
194.7914,408.0556,0,
195.2736,409.0981,0,
195.7557,410.1280,0,
196.2379,411.1465,0,
196.7200,412.1540,0,
197.2022,413.1498,0,
197.6843,414.1333,0,
198.1665,415.1060,0,
198.6487,416.0688,0,
199.1308,417.0224,0,
199.6130,417.9681,0,
200.0951,418.9060,0,
200.5773,419.8367,0,
201.0594,420.7620,0,
201.5416,421.6829,0,
202.0238,422.6008,0,
202.5059,423.5172,0,
202.9881,424.4334,0,
203.4702,425.3498,0,
203.9524,426.2680,0,
204.4346,427.1908,0,
204.9167,428.1187,0,
205.3989,429.0530,0,
205.8810,429.9962,0,
206.3632,430.9494,0,
206.8453,431.9129,0,
207.3275,432.8888,0,
207.8097,433.8788,0,
208.2918,434.8821,0,
208.7740,435.8972,0,
209.2561,436.9236,0,
209.7383,437.9609,0,
210.2204,439.0098,0,
210.7026,440.0714,0,
211.1847,441.1444,0,
211.6669,442.2273,0,
212.1491,443.3188,0,
212.6312,444.4168,0,
213.1134,445.5187,0,
213.5955,446.6234,0,
214.0777,447.7299,0,
214.5598,448.8359,0,
215.0420,449.9403,0,
215.5242,451.0429,0,
216.0063,452.1420,0,
216.4885,453.2371,0,
216.9706,454.3310,0,
217.4528,455.4249,0,
217.9349,456.5163,0,
218.4171,457.6039,0,
218.8993,458.6896,0,
219.3814,459.7732,0,
219.8636,460.8545,0,
220.3457,461.9339,0,
220.8279,463.0105,0,
221.3100,464.0838,0,
221.7922,465.1558,0,
222.2743,466.2252,0,
222.7565,467.2880,0,
223.2387,468.3436,0,
223.7208,469.3932,0,
224.2030,470.4366,0,
224.6851,471.4739,0,
225.1673,472.5059,0,
225.6495,473.5299,0,
226.1316,474.5438,0,
226.6138,475.5502,0,
227.0959,476.5522,0,
227.5781,477.5501,0,
228.0602,478.5430,0,
228.5424,479.5326,0,
229.0246,480.5227,0,
229.5067,481.5155,0,
229.9889,482.5119,0,
230.4710,483.5124,0,
230.9532,484.5171,0,
231.4353,485.5274,0,
231.9175,486.5430,0,
232.3997,487.5622,0,
232.8818,488.5848,0,
233.3640,489.6117,0,
233.8461,490.6417,0,
234.3283,491.6740,0,
234.8104,492.7102,0,
235.2926,493.7495,0,
235.7748,494.7904,0,
236.2569,495.8356,0,
236.7391,496.8881,0,
237.2212,497.9495,0,
237.7034,499.0212,0,
238.1855,500.1029,0,
238.6677,501.1927,0,
239.1498,502.2925,0,
239.6320,503.4043,0,
240.1142,510.0227,0,
240.5963,510.1051,0,
241.0785,510.1919,0,
241.5606,510.2764,0,
242.0428,510.3658,0,
242.5249,510.8721,0,
243.0071,511.3813,0,
243.4893,513.0797,0,
243.9714,514.7806,0,
244.4536,517.4177,0,
244.9357,520.0545,0,
245.4179,521.6973,0,
245.9000,523.3367,0,
246.3822,523.4138,0,
246.8644,523.4866,0,
247.3465,523.5745,0,
247.8287,523.6562,0,
248.3108,524.8651,0,
248.7930,526.0672,0,
249.2751,527.3004,0,
249.7573,528.5296,0,
250.2395,529.4360,0,
250.7216,530.3373,0,
251.2038,531.6561,0,
251.6859,532.9732,0,
252.1681,534.1030,0,
252.6502,535.2310,0,
253.1324,535.6912,0,
253.6146,536.1488,0,
254.0967,536.5427,0,
254.5789,536.9353,0,
255.0610,537.8059,0,
255.5432,538.6761,0,
256.0253,539.8507,0,
256.5075,541.0273,0,
256.9896,542.1611,0,
257.4718,543.2949,0,
257.9540,544.2164,0,
258.4361,545.1419,0,
258.9183,546.0470,0,
259.4004,546.9612,0,
259.8826,548.1518,0,
260.3648,549.3496,0,
260.8469,550.5146,0,
261.3291,551.6899,0,
261.8112,552.7205,0,
262.2934,553.7652,0,
262.7755,554.8890,0,
263.2577,556.0267,0,
263.7398,557.1397,0,
264.2220,558.2663,0,
264.7042,559.3667,0,
265.1863,560.4787,0,
265.6685,561.7502,0,
266.1506,563.0317,0,
266.6328,564.3367,0,
267.1150,565.6459,0,
267.5971,566.9733,0,
268.0793,568.3021,0,
268.5614,570.0328,0,
269.0436,571.7668,0,
269.5257,573.5027,0,
270.0079,573.4814,0,
270.9722,576.2407,0,
271.9365,577.0417,0,
272.9008,577.9634,0,
273.8652,580.6320,0,
274.8295,583.7895,0,
275.7938,586.2485,0,
276.7581,588.6111,0,
277.7224,590.9174,0,
278.6867,593.0859,0,
279.6510,595.8475,0,
280.6153,598.7781,0,
281.5797,600.9804,0,
282.5440,603.4115,0,
283.5083,607.4258,0,
284.4726,611.6175,0,
285.4369,614.0896,0,
286.4012,616.0088,0,
287.3655,618.9034,0,
288.3299,621.8669,0,
289.2942,624.3590,0,
290.2585,627.4602,0,
291.2228,630.4437,0,
292.1871,631.8021,0,
293.1514,633.4760,0,
294.1157,637.2294,0,
295.0801,640.4885,0,
296.0444,641.7523,0,
297.0087,643.6504,0,
297.9730,646.4182,0,
298.9373,648.1327,0,
299.9016,650.1888,0,
300.8659,654.0557,0,
301.8302,657.2302,0,
302.7946,658.4040,0,
303.7589,660.6907,0,
304.7232,664.7184,0,
305.6875,667.1669,0,
306.6518,667.9411,0,
307.6161,670.2666,0,
308.5804,673.5034,0,
309.5448,674.8654,0,
310.5091,675.9690,0,
311.4734,679.0033,0,
312.4377,681.0665,0,
313.4020,680.6753,0,
314.3663,681.3491,0,
315.3306,684.1131,0,
316.2950,684.8759,0,
317.2593,683.5032,0,
318.2236,684.3746,0,
319.1879,686.8613,0,
320.1522,686.7521,0,
321.1165,685.6391,0,
322.0808,687.2762,0,
323.0452,688.5655,0,
324.0095,686.4247,0,
324.9738,685.4864,0,
325.9381,688.2376,0,
326.9024,689.6154,0,
327.8667,688.2157,0,
328.8310,689.1559,0,
329.7953,691.9808,0,
330.7597,691.5643,0,
331.7240,689.8342,0,
332.6883,691.8274,0,
333.6526,694.4605,0,
334.6169,692.8799,0,
335.5812,691.3014,0,
336.5455,694.3067,0,
337.5099,696.6149,0,
338.4742,694.3506,0,
339.4385,693.5163,0,
340.4028,696.9449,0,
341.3671,697.9137,0,
342.3314,695.0097,0,
343.2957,695.2295,0,
344.2601,698.8390,0,
345.2244,698.8170,0,
346.1887,696.0869,0,
347.1530,697.4292,0,
348.1173,700.3608,0,
349.0816,698.6848,0,
350.0460,696.4828,0,
351.0103,699.5445,0,
351.9746,702.3484,0,
352.9389,699.8533,0,
353.9032,698.4644,0,
354.8675,702.3042,0,
355.8318,704.0735,0,
356.7961,700.6256,0,
357.7605,700.0739,0,
358.7248,704.5162,0,
359.6891,705.5571,0,
360.6534,702.2158,0,
361.6177,702.8568,0,
362.5820,706.8873,0,
363.5463,706.1555,0,
364.5107,703.1222,0,
365.4750,705.8895,0,
366.4393,710.3299,0,
367.4036,708.3520,0,
368.3679,705.2027,0,
369.3322,708.5964,0,
370.2965,712.5782,0,
371.2609,710.4189,0,
372.2252,708.7963,0,
373.1895,713.2468,0,
374.1538,715.9917,0,
375.1181,712.8233,0,
376.0824,712.6005,0,
377.0467,718.7424,0,
378.0111,721.5440,0,
378.9754,718.3843,0,
379.9397,719.3247,0,
380.9040,725.8143,0,
381.8683,727.5715,0,
382.8326,724.1495,0,
383.7969,725.7918,0,
384.7613,731.9300,0,
385.7256,732.5635,0,
386.6899,729.8731,0,
387.6542,733.8316,0,
388.6185,740.8286,0,
389.5828,740.9653,0,
390.5471,738.5981,0,
391.5114,743.0630,0,
392.4758,749.0330,0,
393.4401,747.9330,0,
394.4044,746.1017,0,
395.3687,751.7413,0,
396.3330,757.6137,0,
397.2973,756.1834,0,
398.2616,755.5380,0,
399.2260,762.3545,0,
400.1903,767.9503,0,
401.1546,766.3689,0,
402.1189,766.7176,0,
403.0832,773.9918,0,
404.0475,778.7236,0,
405.0118,776.6834,0,
405.9762,777.8321,0,
406.9405,785.7836,0,
407.9048,790.0385,0,
408.8691,787.8384,0,
409.8334,789.8965,0,
410.7977,798.1384,0,
411.7620,801.6461,0,
412.7264,799.4020,0,
413.6907,802.3871,0,
414.6550,810.7587,0,
415.6193,813.5776,0,
416.5836,811.3124,0,
417.5479,815.0256,0,
418.5122,823.5297,0,
419.4765,825.9386,0,
420.4409,824.3321,0,
421.4052,829.3773,0,
422.3695,838.0027,0,
423.3338,839.7250,0,
424.2981,838.3716,0,
425.2624,844.2632,0,
426.2267,852.9904,0,
427.1911,854.4342,0,
428.1554,853.5877,0,
429.1197,860.2007,0,
430.0840,868.7107,0,
431.0483,869.7186,0,
432.0126,869.2398,0,
432.9769,876.2135,0,
433.9413,884.2706,0,
434.9056,884.7551,0,
435.8699,884.2706,0,
436.8342,891.1992,0,
437.7985,898.6556,0,
438.7628,898.6298,0,
439.7271,898.2946,0,
440.6914,905.2742,0,
441.6558,911.9014,0,
442.6201,910.8336,0,
443.5844,910.1829,0,
444.5487,917.0189,0,
445.5130,922.7875,0,
446.4773,920.8442,0,
447.4416,919.9524,0,
448.4060,926.4985,0,
449.3703,931.6221,0,
450.3346,929.3747,0,
451.2989,928.5032,0,
452.2632,934.5630,0,
453.2275,938.4947,0,
454.1918,935.1201,0,
455.1562,933.6084,0,
456.1205,939.0802,0,
457.0848,942.2518,0,
458.0491,938.4415,0,
459.0134,936.9790,0,
459.9777,942.1718,0,
460.9420,944.3885,0,
461.9064,939.4796,0,
462.8707,937.2714,0,
463.8350,941.7449,0,
464.7993,943.0260,0,
465.7636,937.3777,0,
466.7279,934.8017,0,
467.6922,938.7608,0,
468.6566,939.1867,0,
469.6209,932.6811,0,
470.5852,929.3219,0,
471.5495,932.3103,0,
472.5138,931.6750,0,
473.4781,924.6811,0,
474.4424,921.2379,0,
475.4067,923.7077,0,
476.3711,921.8155,0,
477.3354,913.5963,0,
478.2997,909.4545,0,
479.2640,911.5107,0,
480.2283,909.4284,0,
481.1926,900.9268,0,
482.1569,896.2339,0,
483.1213,897.5730,0,
484.0856,894.9219,0,
485.0499,886.1843,0,
486.0142,881.4690,0,
486.9785,882.5634,0,
487.9428,879.3591,0,
488.9072,870.2733,0,
489.8715,865.4657,0,
490.8358,866.4459,0,
491.8001,863.0812,0,
492.7644,853.9611,0,
493.7287,849.1153,0,
494.6930,849.9092,0,
495.6574,846.3404,0,
496.6217,837.1670,0,
497.5860,832.3602,0,
498.5503,833.1927,0,
499.5146,829.6704,0,
500.4789,820.5189,0,
501.4432,815.7020,0,
502.4075,816.5720,0,
503.3719,813.2159,0,
504.3362,804.3491,0,
505.3005,799.9746,0,
506.2648,801.2878,0,
507.2291,798.1146,0,
508.1934,789.3757,0,
509.1577,785.1702,0,
510.1221,786.7279,0,
511.0864,784.1328,0,
512.0507,776.2618,0,
513.0150,772.9167,0,
513.9793,775.0911,0,
514.9436,772.8933,0,
515.9079,765.2538,0,
516.8723,762.1459,0,
517.8366,764.8823,0,
518.8009,763.4438,0,
519.7652,756.4832,0,
520.7295,753.9029,0,
521.6938,757.0830,0,
522.6581,756.0451,0,
523.6224,749.3769,0,
524.5868,746.9483,0,
525.5511,750.2028,0,
526.5154,749.2393,0,
527.4797,742.6751,0,
528.4440,740.3503,0,
529.4083,743.6793,0,
530.3727,742.9032,0,
531.3370,736.3942,0,
532.3013,733.8996,0,
533.2656,737.1890,0,
534.2299,736.5304,0,
535.1942,730.0764,0,
536.1585,727.4814,0,
537.1228,730.6864,0,
538.0872,729.9634,0,
539.0515,723.4077,0,
540.0158,720.6693,0,
540.9801,723.8572,0,
541.9444,723.3178,0,
542.9087,716.7738,0,
543.8730,713.8042,0,
544.8374,716.9526,0,
545.8017,716.6844,0,
546.7660,710.3299,0,
547.7303,707.2422,0,
548.6946,710.0853,0,
549.6589,709.6851,0,
550.6232,703.2770,0,
551.5875,700.1401,0,
552.5519,703.0558,0,
553.5162,702.7242,0,
554.4805,696.1749,0,
555.4448,692.7703,0,
556.4091,695.7131,0,
557.3734,695.7131,0,
558.3378,689.3966,0,
559.3021,685.8573,0,
560.2664,688.5655,0,
561.2307,688.5874,0,
562.1950,682.3278,0,
563.1593,678.7213,0,
564.1236,681.4796,0,
565.0879,681.6753,0,
566.0523,675.4062,0,
567.0166,671.5819,0,
567.9809,674.2599,0,
568.9452,674.6275,0,
569.9095,668.5006,0,
570.8738,664.5038,0,
571.8381,666.9950,0,
572.8025,667.4680,0,
573.7668,661.4824,0,
574.7311,657.3369,0,
575.6954,659.6644,0,
576.6597,660.2202,0,
577.6240,654.2259,0,
578.5883,649.7646,0,
579.5527,651.8871,0,
580.5170,652.6733,0,
581.4813,646.9048,0,
582.4456,642.3214,0,
583.4099,644.3048,0,
584.3742,645.2343,0,
585.3385,639.6046,0,
586.3029,634.8796,0,
587.2672,636.5786,0,
588.2315,637.3974,0,
589.1958,631.6767,0,
590.1601,626.6061,0,
591.1244,628.1273,0,
592.0887,629.2745,0,
593.0530,623.9641,0,
594.0174,618.8827,0,
594.9817,620.2289,0,
595.9460,621.4727,0,
596.9103,616.2567,0,
597.8746,610.9179,0,
598.8389,611.9468,0,
599.8033,613.1826,0,
600.7676,608.0824,0,
601.7319,602.5325,0,
602.6962,603.2479,0,
603.6605,604.5367,0,
604.6248,599.5933,0,
605.5891,593.9381,0,
606.5534,594.5066,0,
607.5178,595.9695,0,
608.4821,591.2415,0,
609.4464,585.3812,0,
610.4107,585.6837,0,
611.3750,587.2374,0,
612.3393,582.7227,0,
613.3036,576.7813,0,
614.2680,576.7613,0,
615.2323,578.3443,0,
616.1966,574.1407,0,
617.1609,568.2590,0,
618.1252,568.1993,0,
619.0895,569.9908,0,
620.0538,565.9933,0,
621.0181,559.8527,0,
621.9825,559.3587,0,
622.9468,561.1971,0,
623.9111,557.5822,0,
624.8754,551.5015,0,
625.8397,550.7164,0,
626.8040,552.4638,0,
627.7684,549.0303,0,
628.7327,542.9512,0,
629.6970,542.0350,0,
630.6613,543.9071,0,
631.6256,540.7495,0,
632.5899,534.5742,0,
633.5542,533.3156,0,
634.5186,535.2330,0,
635.4829,532.4450,0,
636.4472,526.3867,0,
637.4115,524.8477,0,
638.3758,526.6947,0,
639.3401,524.0982,0,
640.3044,518.0411,0,
641.2687,516.2831,0,
642.2331,518.2132,0,
643.1974,515.9967,0,
644.1617,509.9779,0,
645.1260,507.9274,0,
646.0903,509.8449,0,
647.0546,508.0792,0,
648.0189,502.2487,0,
648.9833,499.9278,0,
649.9476,501.7012,0,
650.9119,500.2106,0,
651.8762,494.6038,0,
652.8405,492.1656,0,
653.8048,493.9656,0,
654.7691,492.7840,0,
655.7334,487.2844,0,
656.6978,484.6180,0,
657.6621,486.4820,0,
658.6264,485.8666,0,
659.5907,480.8609,0,
660.5550,478.2450,0,
661.5193,480.1925,0,
662.4837,479.9698,0,
663.4480,475.2090,0,
664.4123,472.4755,0,
665.3766,474.4142,0,
666.3409,474.6175,0,
667.3052,470.1529,0,
668.2695,467.3200,0,
669.2338,469.2508,0,
670.1982,469.8951,0,
671.1625,465.8508,0,
672.1268,462.8992,0,
673.0911,464.6950,0,
674.0554,465.6856,0,
675.0197,462.0022,0,
675.9841,458.9317,0,
676.9484,460.5391,0,
677.9127,461.7095,0,
678.8770,458.3294,0,
679.8413,455.2496,0,
680.8056,456.6884,0,
681.7699,458.0011,0,
682.7342,454.7946,0,
683.6986,451.5055,0,
684.6629,452.7038,0,
685.6272,454.2307,0,
686.5915,451.2877,0,
687.5558,447.7905,0,
688.5201,448.6593,0,
689.4844,450.2357,0,
690.4488,447.5914,0,
691.4131,444.0862,0,
692.3774,444.7360,0,
693.3417,446.3798,0,
694.3060,443.9058,0,
695.2703,440.2129,0,
696.2346,440.5187,0,
697.1989,442.2292,0,
698.1633,440.0870,0,
699.1276,436.3513,0,
700.0919,436.2975,0,
701.0562,437.9484,0,
702.0205,436.0285,0,
702.9848,432.2332,0,
703.9492,431.9115,0,
704.9135,433.5388,0,
705.8778,431.7328,0,
706.8421,427.7899,0,
707.8064,427.1487,0,
708.7707,428.7878,0,
709.7350,427.2378,0,
710.6993,423.2732,0,
711.6637,422.3151,0,
712.6280,423.8591,0,
713.5923,422.5634,0,
714.5566,418.6665,0,
715.5209,417.4820,0,
716.4852,419.0025,0,
717.4495,417.9239,0,
718.4139,414.0411,0,
719.3782,412.6145,0,
720.3425,414.1644,0,
721.3068,413.4773,0,
722.2711,409.7836,0,
723.2354,408.2039,0,
724.1997,409.6431,0,
725.1640,409.1515,0,
726.1284,405.5404,0,
727.0927,403.7037,0,
728.0570,405.0853,0,
729.0213,404.8754,0,
729.9856,401.4508,0,
730.9499,399.4632,0,
731.9143,400.7705,0,
732.8786,400.7879,0,
733.8429,397.5831,0,
734.8072,395.5668,0,
735.7715,396.9396,0,
736.7358,397.3396,0,
737.7001,394.3863,0,
738.6644,392.2018,0,
739.6288,393.4149,0,
740.5931,394.0740,0,
741.5574,391.4052,0,
742.5217,389.2258,0,
743.4860,390.3496,0,
744.4503,391.1455,0,
745.4147,388.7074,0,
746.3790,386.4809,0,
747.3433,387.6368,0,
748.3076,388.8802,0,
749.2719,386.8604,0,
750.2362,384.6371,0,
751.2005,385.7396,0,
752.1648,387.2399,0,
753.1292,385.5500,0,
754.0935,383.4323,0,
755.0578,384.5682,0,
756.0221,386.4119,0,
756.9864,385.2054,0,
757.9507,383.3118,0,
758.9150,384.5854,0,
759.8794,386.8431,0,
760.8437,386.1878,0,
761.8080,384.6026,0,
762.7723,385.9982,0,
763.7366,388.7247,0,
764.7009,388.7765,0,
765.6652,387.6023,0,
766.6295,389.2085,0,
767.5939,392.3404,0,
768.5582,392.9642,0,
769.5225,392.1845,0,
770.4868,394.0219,0,
771.4511,397.5483,0,
772.4154,398.6447,0,
773.3797,398.0528,0,
774.3441,399.8988,0,
775.3084,403.6163,0,
776.2727,405.0503,0,
777.2370,404.5430,0,
778.2013,406.1532,0,
779.1656,409.7134,0,
780.1300,411.2422,0,
781.0943,410.6972,0,
782.0586,411.9633,0,
783.0229,415.2223,0,
783.9872,416.5988,0,
784.9515,415.7692,0,
785.9158,416.6342,0,
786.8801,419.6573,0,
787.8445,420.9855,0,
788.8088,419.8874,0,
789.7731,420.1707,0,
790.7374,422.7763,0,
791.7017,424.0367,0,
792.6660,422.8295,0,
793.6303,422.7408,0,
794.5947,424.9962,0,
795.5590,426.0809,0,
796.5233,424.6585,0,
797.4876,424.1788,0,
798.4519,426.1165,0,
799.4162,427.0953,0,
800.3805,425.5295,0,
801.3448,424.6763,0,
802.3092,426.2944,0,
803.2735,427.3090,0,
804.2378,425.7963,0,
805.2021,424.7118,0,
806.1664,426.0453,0,
807.1307,426.8283,0,
808.0951,425.1384,0,
809.0594,423.7526,0,
810.0237,424.8362,0,
810.9880,425.6896,0,
811.9523,424.0545,0,
812.9166,422.5102,0,
813.8809,423.4863,0,
814.8452,424.4631,0,
815.8096,422.9360,0,
816.7739,421.2690,0,
817.7382,422.0668,0,
818.7025,423.1135,0,
819.6668,421.8185,0,
820.6311,420.2769,0,
821.5954,421.1627,0,
822.5598,422.4747,0,
823.5241,421.5349,0,
824.4884,420.1353,0,
825.4527,421.0918,0,
826.4170,422.6876,0,
827.3813,422.1022,0,
828.3456,420.8437,0,
829.3100,421.8895,0,
830.2743,423.8236,0,
831.2386,423.6638,0,
832.2029,422.6344,0,
833.1672,423.7348,0,
834.1315,425.8674,0,
835.0958,426.0987,0,
836.0602,425.3873,0,
837.0245,426.8283,0,
837.9888,429.5011,0,
838.9531,430.2862,0,
839.9174,429.7865,0,
840.8817,431.1254,0,
841.8460,433.8430,0,
842.8103,434.9353,0,
843.7747,434.8278,0,
844.7390,436.5306,0,
845.7033,439.7273,0,
846.6676,441.4007,0,
847.6319,441.7068,0,
848.5962,443.6893,0,
849.5606,447.2477,0,
850.5249,449.3114,0,
851.4892,449.8007,0,
852.4535,451.7959,0,
853.4178,455.4862,0,
854.3821,457.8551,0,
855.3464,458.5119,0,
856.3107,460.4112,0,
857.2751,464.0716,0,
858.2394,466.5851,0,
859.2037,467.3383,0,
860.1680,469.1772,0,
861.1323,472.8076,0,
862.0966,475.4124,0,
863.0609,476.1709,0,
864.0253,477.8929,0,
864.9896,481.4925,0,
865.9539,484.2083,0,
866.9182,484.9906,0,
867.8825,486.4820,0,
868.8468,489.8816,0,
869.8111,492.6528,0,
870.7754,493.5154,0,
871.7398,494.8854,0,
872.7041,498.1946,0,
873.6684,501.0406,0,
874.6327,501.9277,0,
875.5970,503.1745,0,
876.5613,506.4106,0,
877.5257,509.3510,0,
878.4900,510.3010,0,
879.4543,511.4419,0,
880.4186,514.5846,0,
881.3829,517.6587,0,
882.3472,518.7488,0,
883.3115,519.7824,0,
884.2758,522.7156,0,
885.2402,525.7324,0,
886.2045,526.8294,0,
887.1688,527.6962,0,
888.1331,530.4738,0,
889.0974,533.5478,0,
890.0617,534.7292,0,
891.0261,535.5044,0,
891.9904,538.1048,0,
892.9547,541.1779,0,
893.9190,542.4638,0,
894.8833,543.1852,0,
895.8476,545.6646,0,
896.8119,548.7952,0,
897.7762,550.2653,0,
898.7406,551.0304,0,
899.7049,553.4465,0,
900.6692,556.6554,0,
901.6335,558.3122,0,
902.5978,559.1415,0,
903.5621,561.5335,0,
904.5264,564.9215,0,
905.4908,566.8475,0,
906.4551,567.7817,0,
907.4194,570.1701,0,
908.3837,573.7011,0,
909.3480,575.9405,0,
910.3123,577.1018,0,
911.2766,579.6281,0,
912.2409,583.3667,0,
913.2053,585.9459,0,
914.1696,587.3182,0,
915.1339,589.9054,0,
916.0982,593.8164,0,
917.0625,596.7829,0,
918.0268,598.4725,0,
918.9911,601.1845,0,
919.9555,605.2942,0,
920.9198,608.5751,0,
921.8841,610.4860,0,
922.8484,613.2650,0,
923.8127,617.5173,0,
924.7770,621.1409,0,
925.7414,623.4031,0,
926.7057,626.3146,0,
927.6700,630.6735,0,
928.6343,634.5443,0,
929.5986,636.9984,0,
930.5629,639.8781,0,
931.5272,644.2415,0,
932.4915,648.3233,0,
933.4559,650.9952,0,
934.4202,653.9067,0,
935.3845,658.2759,0,
936.3488,662.4673,0,
937.3131,665.2549,0,
938.2774,668.1132,0,
939.2417,672.4020,0,
940.2061,676.7052,0,
941.1704,679.6111,0,
942.1347,682.4583,0,
943.0990,686.6648,0,
944.0633,691.0604,0,
945.0276,694.1091,0,
945.9919,696.8569,0,
946.9562,700.8905,0,
947.9206,705.2913,0,
948.8849,708.4853,0,
949.8492,711.2421,0,
950.8135,715.1877,0,
951.7778,719.6159,0,
952.7421,722.8685,0,
953.7065,725.5892,0,
954.6708,729.3763,0,
955.6351,733.7863,0,
956.5994,737.2117,0,
957.5637,739.9860,0,
958.5280,743.7249,0,
959.4923,748.1621,0,
960.4566,751.6494,0,
961.4210,754.4093,0,
962.3853,758.0293,0,
963.3496,762.4008,0,
964.3139,766.0204,0,
965.2782,768.8349,0,
966.2425,772.3795,0,
967.2068,776.7303,0,
968.1712,780.4379,0,
969.1355,783.3081,0,
970.0998,786.7515,0,
971.0641,791.0334,0,
972.0284,794.8780,0,
972.9927,797.8287,0,
973.9570,801.1922,0,
974.9214,805.4271,0,
975.8857,809.3156,0,
976.8500,812.2999,0,
977.8143,815.5087,0,
978.7786,819.6462,0,
979.7429,823.6269,0,
980.7072,826.6938,0,
981.6716,829.8658,0,
982.6359,833.9033,0,
983.6002,837.8798,0,
984.5645,841.0305,0,
985.5288,844.1644,0,
986.4931,848.1484,0,
987.4574,852.1946,0,
988.4217,855.5056,0,
989.3861,858.6254,0,
990.3504,862.4294,0,
991.3147,866.4459,0,
992.2790,869.7690,0,
993.2433,872.7977,0,
994.2076,876.4415,0,
995.1720,880.4009,0,
996.1363,883.7608,0,
997.1006,886.6952,0,
998.0649,890.1741,0,
999.0292,894.0223,0,
999.9935,897.3669,0,
1000.9578,900.2554,0,
1001.9221,903.5646,0,
1002.8865,907.3496,0,
1003.8508,910.7555,0,
1004.8151,913.5702,0,
1005.7794,916.6526,0,
1006.7437,920.1884,0,
1007.7080,923.4710,0,
1008.6723,926.2349,0,
1009.6367,929.1105,0,
1010.6010,932.5222,0,
1011.5653,935.7837,0,
1012.5296,938.3883,0,
1013.4939,940.9982,0,
1014.4582,944.1212,0,
1015.4225,947.2251,0,
1016.3868,949.7727,0,
1017.3512,952.1909,0,
1018.3155,955.0719,0,
1019.2798,958.0675,0,
1020.2441,960.5015,0,
1021.2084,962.6691,0,
1022.1727,965.1663,0,
1023.1371,967.8862,0,
1024.1014,970.0937,0,
1025.0657,971.9771,0,
1026.0300,974.2463,0,
1026.9943,976.8212,0,
1027.9586,978.9343,0,
1028.9229,980.5558,0,
1029.8872,982.3997,0,
1030.8516,984.6325,0,
1031.8159,986.5376,0,
1032.7802,987.9198,0,
1033.7445,989.4974,0,
1034.7088,991.5485,0,
1035.6731,993.3528,0,
1036.6374,994.4923,0,
1037.6018,995.7162,0,
1038.5661,997.4986,0,
1039.5304,999.1440,0,
1040.4947,1000.1489,0,
1041.4590,1001.0709,0,
1042.4233,1002.5250,0,
1043.3876,1003.9808,0,
1044.3520,1004.7373,0,
1045.3163,1005.2980,0,
1046.2806,1006.3920,0,
1047.2449,1007.6556,0,
1048.2092,1008.2738,0,
1049.1735,1008.5548,0,
1050.1378,1009.3422,0,
1051.1021,1010.4679,0,
1052.0665,1010.9185,0,
1053.0308,1010.8622,0,
1053.9951,1011.3129,0,
1054.9594,1012.1865,0,
1055.9237,1012.4685,0,
1056.8880,1012.1583,0,
1057.8523,1012.2993,0,
1058.8167,1012.9762,0,
1059.7810,1013.1172,0,
1060.7453,1012.5531,0,
1061.7096,1012.2711,0,
1062.6739,1012.6377,0,
1063.6382,1012.6095,0,
1064.6026,1011.8201,0,
1065.5669,1011.2565,0,
1066.5312,1011.3692,0,
1067.4955,1011.1720,0,
1068.4598,1010.0738,0,
1069.4241,1009.0610,0,
1070.3884,1008.8641,0,
1071.3528,1008.4705,0,
1072.3171,1007.0938,0,
1073.2814,1005.6906,0,
1074.2457,1005.1017,0,
1075.2100,1004.4570,0,
1076.1743,1002.8328,0,
1077.1386,1000.9870,0,
1078.1029,1000.0093,0,
1079.0673,999.1718,0,
1080.0316,997.3593,0,
1080.9959,995.1597,0,
1081.9602,993.7974,0,
1082.9245,992.6863,0,
1083.8888,990.5503,0,
1084.8531,987.9198,0,
1085.8175,986.0403,0,
1086.7818,984.6049,0,
1087.7461,982.2620,0,
1088.7104,979.2914,0,
1089.6747,977.0406,0,
1090.6390,975.2866,0,
1091.6033,972.6602,0,
1092.5676,969.2484,0,
1093.5320,966.4983,0,
1094.4963,964.4601,0,
1095.4606,961.6932,0,
1096.4249,958.0135,0,
1097.3892,954.8563,0,
1098.3535,952.4868,0,
1099.3178,949.4506,0,
1100.2822,945.4046,0,
1101.2465,941.7716,0,
1102.2108,939.0536,0,
1103.1751,935.8368,0,
1104.1394,931.5163,0,
1105.1037,927.5532,0,
1106.0681,924.6022,0,
1107.0324,921.3166,0,
1107.9967,916.8881,0,
1108.9610,912.6313,0,
1109.9253,909.5065,0,
1110.8896,906.2596,0,
1111.8539,901.8830,0,
1112.8182,897.5214,0,
1113.7826,894.3821,0,
1114.7469,891.3274,0,
1115.7112,887.1040,0,
1116.6755,882.7926,0,
1117.6398,879.7147,0,
1118.6041,876.9231,0,
1119.5684,872.9998,0,
1120.5328,868.8115,0,
1121.4971,865.8426,0,
1122.4614,863.3320,0,
1123.4257,859.7254,0,
1124.3900,855.7051,0,
1125.3543,852.8909,0,
1126.3186,850.7533,0,
1127.2830,847.6032,0,
1128.2473,843.8433,0,
1129.2116,841.1784,0,
1130.1759,839.3803,0,
1131.1402,836.7003,0,
1132.1045,833.2417,0,
1133.0688,830.6967,0,
1134.0331,829.0355,0,
1134.9975,826.5720,0,
1135.9618,823.2623,0,
1136.9261,820.7857,0,
1137.8904,819.3069,0,
1138.8547,817.1282,0,
1139.8190,813.9877,0,
1140.7833,811.5773,0,
1141.7477,810.3256,0,
1142.7120,808.4985,0,
1143.6763,805.5470,0,
1144.6406,803.0806,0,
1145.6049,801.7895,0,
1146.5692,800.0939,0,
1147.5335,797.1856,0,
1148.4979,794.5928,0,
1149.4622,793.2391,0,
1150.4265,791.7208,0,
1151.3908,789.0208,0,
1152.3551,786.4918,0,
1153.3194,785.1702,0,
1154.2837,783.8029,0,
1155.2480,781.1901,0,
1156.2124,778.5593,0,
1157.1767,777.1756,0,
1158.1410,775.9573,0,
1159.1053,773.4775,0,
1160.0696,770.8159,0,
1161.0339,769.3706,0,
1161.9983,768.2296,0,
1162.9626,765.9042,0,
1163.9269,763.2352,0,
1164.8912,761.7059,0,
1165.8555,760.7106,0,
1166.8198,758.6760,0,
1167.7841,756.0912,0,
1168.7485,754.5245,0,
1169.7128,753.5807,0,
1170.6771,751.6494,0,
1171.6414,749.0101,0,
1172.6057,747.3833,0,
1173.5700,746.5364,0,
1174.5343,744.7985,0,
1175.4986,742.2189,0,
1176.4630,740.4414,0,
1177.4273,739.5308,0,
1178.3916,737.8479,0,
1179.3559,735.1916,0,
1180.3202,733.2427,0,
1181.2845,732.2920,0,
1182.2488,730.7542,0,
1183.2132,728.1804,0,
1184.1775,726.0845,0,
1185.1418,725.0716,0,
1186.1061,723.5875,0,
1187.0704,721.0056,0,
1188.0347,718.7872,0,
1188.9990,717.7354,0,
1189.9634,716.3938,0,
1190.9277,713.9157,0,
1191.8920,711.5760,0,
1192.8563,710.3077,0,
1193.8206,708.9073,0,
1194.7849,706.3994,0,
1195.7492,703.9185,0,
1196.7135,702.5694,0,
1197.6779,701.2879,0,
1198.6422,698.9052,0,
1199.6065,696.3289,0,
1200.5708,694.8339,0,
1201.5351,693.5602,0,
1202.4994,691.2576,0,
1203.4637,688.6530,0,
1204.4281,687.0578,0,
1205.3924,685.8573,0,
1206.3567,683.6774,0,
1207.3210,681.0231,0,
1208.2853,679.2421,0,
1209.2496,677.9622,0,
1210.2140,675.7741,0,
1211.1783,673.0282,0,
1212.1426,671.0858,0,
1213.1069,669.7925,0,
1214.0712,667.6615,0,
1215.0355,664.8042,0,
1215.9998,662.5958,0,
1216.9641,661.1186,0,
1217.9285,658.9379,0,
1218.8928,655.9509,0,
1219.8571,653.5664,0,
1220.8214,651.9296,0,
1221.7857,649.7222,0,
1222.7500,646.6086,0,
1223.7143,643.8826,0,
1224.6787,641.9631,0,
1225.6430,639.6466,0,
1226.6073,636.3897,0,
1227.5716,633.3923,0,
1228.5359,631.2795,0,
1229.5002,628.8781,0,
1230.4645,625.4821,0,
1231.4289,622.1781,0,
1232.3932,619.7110,0,
1233.3575,617.0625,0,
1234.3218,613.4299,0,
1235.2861,609.8076,0,
1236.2504,607.0772,0,
1237.2147,604.3116,0,
1238.1790,600.5723,0,
1239.1434,596.6202,0,
1240.1077,593.4714,0,
1241.0720,590.4316,0,
1242.0363,586.4704,0,
1243.0006,582.2198,0,
1243.9649,578.7453,0,
1244.9292,575.5203,0,
1245.8936,571.4457,0,
1246.8579,566.9071,0,
1247.8222,563.0778,0,
1248.7865,559.6353,0,
1249.7508,555.4142,0,
1250.7151,550.7753,0,
1251.6795,546.8181,0,
1252.6438,543.3412,0,
1253.6081,539.2515,0,
1254.5724,534.6323,0,
1255.5367,530.5704,0,
1256.5010,527.0990,0,
1257.4653,523.1571,0,
1258.4296,518.6914,0,
1259.3940,514.7372,0,
1260.3583,511.4990,0,
1261.3226,507.9274,0,
1262.2869,503.7606,0,
1263.2512,500.0032,0,
1264.2155,497.0091,0,
1265.1798,493.7968,0,
1266.1442,489.9751,0,
1267.1085,486.5193,0,
1268.0728,483.8359,0,
1269.0371,481.0095,0,
1270.0014,477.5038,0,
1270.9657,474.1925,0,
1271.9300,471.6640,0,
1272.8944,469.1588,0,
1273.8587,465.9976,0,
1274.8230,462.9175,0,
1275.7873,460.6123,0,
1276.7516,458.3659,0,
1277.7159,455.4680,0,
1278.6802,452.5040,0,
1279.6445,450.2720,0,
1280.6089,448.2429,0,
1281.5732,445.6028,0,
1282.5375,442.8779,0,
1283.5018,440.8606,0,
1284.4661,439.0981,0,
1285.4304,436.7279,0,
1286.3947,434.1115,0,
1287.3591,432.1259,0,
1288.3234,430.5183,0,
1289.2877,428.3957,0,
1290.2520,425.9564,0,
1291.2163,424.1078,0,
1292.1806,422.6699,0,
1293.1449,420.7375,0,
1294.1093,418.3835,0,
1295.0736,416.5282,0,
1296.0379,415.1517,0,
1297.0022,413.4068,0,
1297.9665,411.2422,0,
1298.9308,409.5026,0,
1299.8951,408.2565,0,
1300.8594,406.6437,0,
1301.8238,404.5605,0,
1302.7881,402.7951,0,
1303.7524,401.5904,0,
1304.7167,400.1777,0,
1305.6810,398.2617,0,
1306.6453,396.6093,0,
1307.6097,395.5147,0,
1308.5740,394.2128,0,
1309.5383,392.3577,0,
1310.5026,390.6610,0,
1311.4669,389.5196,0,
1312.4312,388.3102,0,
1313.3955,386.6534,0,
1314.3599,385.1021,0,
1315.3242,384.1034,0,
1316.2885,383.0538,0,
1317.2528,381.4210,0,
1318.2171,379.8075,0,
1319.1814,378.7958,0,
1320.1457,377.9561,0,
1321.1101,376.6379,0,
1322.0744,375.1842,0,
1323.0387,374.2444,0,
1324.0030,373.4078,0,
1324.9673,372.0601,0,
1325.9316,370.5605,0,
1326.8959,369.5562,0,
1327.8602,368.7566,0,
1328.8246,367.4988,0,
1329.7889,366.0555,0,
1330.7532,365.0716,0,
1331.7175,364.3426,0,
1332.6818,363.1738,0,
1333.6461,361.7523,0,
1334.6104,360.7210,0,
1335.5747,359.9608,0,
1336.5391,358.8297,0,
1337.5034,357.4300,0,
1338.4677,356.3685,0,
1339.4320,355.6782,0,
1340.3963,354.8537,0,
1341.3606,353.8111,0,
1342.3249,353.0214,0,
1343.2893,352.5176,0,
1344.2536,351.7455,0,
1345.2179,350.6552,0,
1346.1822,349.8004,0,
1347.1465,349.2979,0,
1348.1108,348.5779,0,
1349.0751,347.4569,0,
1350.0395,346.5708,0,
1351.0038,346.1531,0,
1351.9681,345.6019,0,
1352.9324,344.6003,0,
1353.8967,343.6828,0,
1354.8610,343.1660,0,
1355.8254,342.6161,0,
1356.7897,341.6668,0,
1357.7540,340.7681,0,
1358.7183,340.3190,0,
1359.6826,339.7703,0,
1360.6469,338.7401,0,
1361.6112,337.7439,0,
1362.5755,337.2461,0,
1363.5399,336.9641,0,
1364.5042,336.4168,0,
1365.4685,335.7704,0,
1366.4328,335.4225,0,
1367.3971,335.1574,0,
1368.3614,334.5944,0,
1369.3257,334.1309,0,
1370.2901,334.2302,0,
1371.2544,334.4454,0,
1372.2187,334.2799,0,
1373.1830,334.0482,0,
1374.1473,334.4785,0,
1375.1116,335.3893,0,
1376.0759,336.0687,0,
1377.0403,336.4334,0,
1378.0046,337.2295,0,
1378.9689,339.0723,0,
1379.9332,342.5828,0,
1380.8975,349.3314,0,
1381.8618,361.3127,0,
1382.8261,377.3739,0,
1383.7904,390.3669,0,
1384.7548,391.8900,0,
1385.7191,381.5585,0,
1386.6834,366.7345,0,
1387.6477,353.8616,0,
1388.6120,344.8673,0,
1389.5763,339.1056,0,
1390.5406,335.3727,0,
1391.5050,332.5266,0,
1392.4693,330.0661,0,
1393.4336,328.1209,0,
1394.3979,326.7545,0,
1395.3622,325.6032,0,
1396.3265,324.4694,0,
1397.2908,323.5828,0,
1398.2552,323.0905,0,
1399.2195,322.6148,0,
1400.1838,321.9425,0,
1401.1481,321.4508,0,
1402.1124,321.2706,0,
1403.0767,320.9594,0,
1404.0410,320.2552,0,
1405.0054,319.7151,0,
1405.9697,319.7151,0,
1406.9340,319.7315,0,
1407.8983,319.3388,0,
1408.8626,318.9463,0,
1409.8269,318.9136,0,
1410.7912,318.8809,0,
1411.7556,318.5048,0,
1412.7199,318.2269,0,
1413.6842,318.3250,0,
1414.6485,318.3740,0,
1415.6128,317.9654,0,
1416.5771,317.4590,0,
1417.5414,317.3446,0,
1418.5058,317.3446,0,
1419.4701,317.1813,0,
1420.4344,317.1976,0,
1421.3987,317.5406,0,
1422.3630,317.7203,0,
1423.3273,317.3773,0,
1424.2916,317.1160,0,
1425.2559,317.4426,0,
1426.2203,317.8837,0,
1427.1846,317.8020,0,
1428.1489,317.4916,0,
1429.1132,317.4916,0,
1430.0775,317.7694,0,
1431.0418,317.8510,0,
1432.0061,317.6550,0,
1432.9705,317.7203,0,
1433.9348,318.0145,0,
1434.8991,317.8347,0,
1435.8634,317.1323,0,
1436.8277,316.9364,0,
1437.7920,317.5243,0,
1438.7563,317.8837,0,
1439.7207,317.6550,0,
1440.6850,317.5406,0,
1441.6493,317.7367,0,
1442.6136,317.6877,0,
1443.5779,317.2630,0,
1444.5422,317.0180,0,
1445.5065,317.1160,0,
1446.4708,316.9853,0,
1447.4352,316.4629,0,
1448.3995,316.2181,0,
1449.3638,316.4140,0,
1450.3281,316.3650,0,
1451.2924,315.7939,0,
1452.2567,315.3862,0,
1453.2211,315.4351,0,
1454.1854,315.3372,0,
1455.1497,314.6688,0,
1456.1140,314.0333,0,
1457.0783,313.9030,0,
1458.0426,313.9356,0,
1459.0069,313.6424,0,
1459.9713,313.3656,0,
1460.9356,313.4796,0,
1461.8999,313.5121,0,
1462.8642,313.0563,0,
1463.8285,312.4378,0,
1464.7928,312.2263,0,
1465.7571,312.2101,0,
1466.7215,311.8034,0,
1467.6858,311.2019,0,
1468.6501,310.9581,0,
1469.6144,310.7794,0,
1470.5787,310.0646,0,
1471.5430,309.1393,0,
1472.5073,308.7012,0,
1473.4716,308.6201,0,
1474.4360,308.1659,0,
1475.4003,307.3716,0,
1476.3646,306.9827,0,
1477.3289,307.1286,0,
1478.2932,306.9989,0,
1479.2575,306.3997,0,
1480.2218,305.9787,0,
1481.1861,305.8978,0,
1482.1505,305.6712,0,
1483.1148,305.1534,0,
1484.0791,304.7975,0,
1485.0434,304.7328,0,
1486.0077,304.3771,0,
1486.9720,303.6821,0,
1487.9363,303.1813,0,
1488.9007,303.0197,0,
1489.8650,302.7452,0,
1490.8293,302.3255,0,
1491.7936,302.1479,0,
1492.7579,302.2770,0,
1493.7222,302.1479,0,
1494.6865,301.5025,0,
1495.6509,300.8736,0,
1496.6152,300.7285,0,
1497.5795,300.5028,0,
1498.5438,299.7455,0,
1499.5081,299.1979,0,
1500.4724,299.1979,0,
1501.4368,299.1174,0,
1502.4011,298.6022,0,
1503.3654,298.0712,0,
1504.3297,297.7978,0,
1505.2940,297.3636,0,
1506.2583,296.3510,0,
1507.2226,295.3393,0,
1508.1869,295.0022,0,
1509.1513,294.9701,0,
1510.1156,294.6331,0,
1511.0799,294.1359,0,
1512.0442,293.8793,0,
1513.0085,293.7991,0,
1513.9728,293.3021,0,
1514.9371,292.3409,0,
1515.9015,291.6044,0,
1516.8658,291.2683,0,
1517.8301,290.8843,0,
1518.7944,290.1966,0,
1519.7587,289.4773,0,
1520.7230,289.0300,0,
1521.6873,288.5988,0,
1522.6517,287.9762,0,
1523.6160,287.4655,0,
1524.5803,287.1465,0,
1525.5446,286.6043,0,
1526.5089,285.7118,0,
1527.4732,284.9473,0,
1528.4375,284.5811,0,
1529.4018,284.1832,0,
1530.3662,283.2924,0,
1531.3305,282.3545,0,
1532.2948,281.7508,0,
1533.2591,281.1474,0,
1534.2234,280.2746,0,
1535.1877,279.5292,0,
1536.1520,279.1329,0,
1537.1164,278.5307,0,
1538.0807,277.3431,0,
1539.0450,276.2040,0,
1540.0093,275.6348,0,
1540.9736,275.0659,0,
1541.9379,274.0078,0,
1542.9022,272.9505,0,
1543.8666,272.3671,0,
1544.8309,271.8626,0,
1545.7952,271.0749,0,
1546.7595,270.2090,0,
1547.7238,269.5481,0,
1548.6881,268.8246,0,
1549.6524,267.7088,0,
1550.6167,266.6254,0,
1551.5811,266.0292,0,
1552.5454,265.5272,0,
1553.5097,264.5554,0,
1554.4740,263.3494,0,
1555.4383,262.4887,0,
1556.4026,261.7692,0,
1557.3670,260.6127,0,
1558.3313,259.3168,0,
1559.2956,258.5056,0,
1560.2599,258.1314,0,
1561.2242,257.6326,0,
1562.1885,256.7290,0,
1563.1528,255.8105,0,
1564.1172,255.1104,0,
1565.0815,254.3640,0,
1566.0458,253.4317,0,
1567.0101,252.5466,0,
1567.9744,251.8173,0,
1568.9387,250.9798,0,
1569.9030,250.0035,0,
1570.8673,249.2911,0,
1571.8317,248.9041,0,
1572.7960,248.4243,0,
1573.7603,247.5736,0,
1574.7246,246.6463,0,
1575.6889,246.0129,0,
1576.6532,245.5652,0,
1577.6175,244.9478,0,
1578.5819,244.3153,0,
1579.5462,244.0069,0,
1580.5105,243.8219,0,
1581.4748,243.3595,0,
1582.4391,242.7740,0,
1583.4034,242.5430,0,
1584.3677,242.5276,0,
1585.3321,242.3120,0,
1586.2964,241.9271,0,
1587.2607,241.8502,0,
1588.2250,242.0811,0,
1589.1893,242.1426,0,
1590.1536,242.0349,0,
1591.1179,242.2196,0,
1592.0822,242.7432,0,
1593.0466,243.1746,0,
1594.0109,243.3903,0,
1594.9752,243.8990,0,
1595.9395,244.8707,0,
1596.9038,245.8431,0,
1597.8681,246.6154,0,
1598.8325,247.4963,0,
1599.7968,248.7493,0,
1600.7611,250.0499,0,
1601.7254,251.1659,0,
1602.6897,252.4069,0,
1603.6540,254.1464,0,
1604.6183,256.0595,0,
1605.5827,257.7261,0,
1606.5470,259.3637,0,
1607.5113,261.3940,0,
1608.4756,263.6468,0,
1609.4399,265.6841,0,
1610.4042,267.7874,0,
1611.3685,270.2404,0,
1612.3328,272.8244,0,
1613.2972,275.1449,0,
1614.2615,277.3589,0,
1615.2258,279.7670,0,
1616.1901,282.3227,0,
1617.1544,284.7562,0,
1618.1187,287.0667,0,
1619.0830,289.5253,0,
1620.0474,292.0847,0,
1621.0117,294.3604,0,
1621.9760,296.2707,0,
1622.9403,298.2804,0,
1623.9046,300.6640,0,
1624.8689,302.9552,0,
1625.8332,304.7652,0,
1626.7976,306.4158,0,
1627.7619,308.2632,0,
1628.7262,310.0808,0,
1629.6905,311.5758,0,
1630.6548,312.9098,0,
1631.6191,314.3918,0,
1632.5834,315.7613,0,
1633.5477,316.6588,0,
1634.5121,317.2956,0,
1635.4764,318.1942,0,
1636.4407,319.1589,0,
1637.4050,319.7151,0,
1638.3693,320.1570,0,
1639.3336,320.8120,0,
1640.2979,321.3853,0,
1641.2623,321.5328,0,
1642.2266,321.4181,0,
1643.1909,321.5000,0,
1644.1552,321.6147,0,
1645.1195,321.2542,0,
1646.0838,320.5336,0,
1647.0481,319.9770,0,
1648.0125,319.7315,0,
1648.9768,319.4206,0,
1649.9411,318.8482,0,
1650.9054,318.0962,0,
1651.8697,317.2466,0,
1652.8340,316.2018,0,
1653.7983,315.2231,0,
1654.7627,314.6036,0,
1655.7270,314.1799,0,
1656.6913,313.4633,0,
1657.6556,312.3240,0,
1658.6199,311.1856,0,
1659.5842,310.2757,0,
1660.5485,309.2529,0,
1661.5129,307.8254,0,
1662.4772,306.3997,0,
1663.4415,305.3637,0,
1664.4058,304.4256,0,
1665.3701,303.1005,0,
1666.3344,301.5348,0,
1667.2987,300.0838,0,
1668.2631,298.5700,0,
1669.2274,296.8974,0,
1670.1917,295.2269,0,
1671.1560,293.8312,0,
1672.1203,292.6772,0,
1673.0846,291.3643,0,
1674.0489,289.5732,0,
1675.0132,287.8166,0,
1675.9776,286.4927,0,
1676.9419,285.0906,0,
1677.9062,283.2924,0,
1678.8705,281.4332,0,
1679.8348,279.7988,0,
1680.7991,278.1981,0,
1681.7634,276.3938,0,
1682.7278,274.5131,0,
1683.6921,272.8559,0,
1684.6564,271.3112,0,
1685.6207,269.6582,0,
1686.5850,267.9916,0,
1687.5493,266.4214,0,
1688.5136,264.7748,0,
1689.4780,262.9111,0,
1690.4423,261.2065,0,
1691.4066,259.9100,0,
1692.3709,258.5368,0,
1693.3352,256.7290,0,
1694.2995,254.7527,0,
1695.2638,253.0590,0,
1696.2281,251.6001,0,
1697.1925,249.9880,0,
1698.1568,248.2541,0,
1699.1211,246.5999,0,
1700.0854,244.9941,0,
1701.0497,243.4520,0,
1702.0140,242.1273,0,
1702.9784,240.9731,0,
1703.9427,239.7124,0,
1704.9070,238.0999,0,
1705.8713,236.3515,0,
1706.8356,235.0188,0,
1707.7999,234.0853,0,
1708.7642,232.8008,0,
1709.7286,231.1360,0,
1710.6929,229.8240,0,
1711.6572,228.8942,0,
1712.6215,227.6302,0,
1713.5858,225.8961,0,
1714.5501,224.4529,0,
1715.5144,223.5725,0,
1716.4787,222.5563,0,
1717.4431,221.0108,0,
1718.4074,219.6034,0,
1719.3717,218.9077,0,
1720.3360,218.2730,0,
1721.3003,217.1100,0,
1722.2646,215.8426,0,
1723.2289,214.9229,0,
1724.1933,214.1094,0,
1725.1576,213.0556,0,
1726.1219,211.9726,0,
1727.0862,211.2210,0,
1728.0505,210.4549,0,
1729.0148,209.1641,0,
1729.9791,207.8745,0,
1730.9434,207.2452,0,
1731.9078,206.7809,0,
1732.8721,205.7182,0,
1733.8364,204.4471,0,
1734.8007,203.7896,0,
1735.7650,203.5356,0,
1736.7293,202.8786,0,
1737.6936,201.8340,0,
1738.6580,200.9841,0,
1739.6223,200.3880,0,
1740.5866,199.6433,0,
1741.5509,198.6460,0,
1742.5152,197.6644,0,
1743.4795,196.9658,0,
1744.4439,196.2973,0,
1745.4082,195.3471,0,
1746.3725,194.4422,0,
1747.3368,193.7602,0,
1748.3011,192.9897,0,
1749.2654,191.9532,0,
1750.2297,191.0359,0,
1751.1941,190.5036,0,
1752.1584,190.1193,0,
1753.1227,189.4544,0,
1754.0870,188.7307,0,
1755.0513,188.1994,0,
1756.0156,187.5207,0,
1756.9799,186.5624,0,
1757.9442,185.7815,0,
1758.9086,185.4280,0,
1759.8729,185.0599,0,
1760.8372,184.2064,0,
1761.8015,183.3094,0,
1762.7658,182.9272,0,
1763.7301,182.6921,0,
1764.6944,182.0751,0,
1765.6588,181.3116,0,
1766.6231,180.7393,0,
1767.5874,180.1820,0,
1768.5517,179.5369,0,
1769.5160,178.9214,0,
1770.4803,178.4674,0,
1771.4446,178.0720,0,
1772.4090,177.5451,0,
1773.3733,176.9306,0,
1774.3376,176.4918,0,
1775.3019,176.1848,0,
1776.2662,175.7609,0,
1777.2305,175.1327,0,
1778.1948,174.6070,0,
1779.1591,174.2128,0,
1780.1235,173.6145,0,
1781.0878,172.9290,0,
1782.0521,172.6228,0,
1783.0164,172.5208,0,
1783.9807,172.0253,0,
1784.9450,171.2242,0,
1785.9093,170.7728,0,
1786.8737,170.7437,0,
1787.8380,170.5254,0,
1788.8023,169.8852,0,
1789.7666,169.1871,0,
1790.7309,168.8092,0,
1791.6952,168.5185,0,
1792.6595,168.0101,0,
1793.6239,167.4873,0,
1794.5882,167.2114,0,
1795.5525,166.9066,0,
1796.5168,166.4278,0,
1797.4811,165.9637,0,
1798.4454,165.6737,0,
1799.4097,165.3837,0,
1800.3741,164.8041,0,
1801.3384,164.0943,0,
1802.3027,163.8192,0,
1803.2670,163.8916,0,
1804.2313,163.6889,0,
1805.1956,163.1534,0,
1806.1599,162.7918,0,
1807.1243,162.6182,0,
1808.0886,162.2566,0,
1809.0529,161.6350,0,
1810.0172,161.1148,0,
1810.9815,160.9126,0,
1811.9458,160.7104,0,
1812.9101,160.2628,0,
1813.8745,159.9308,0,
1814.8388,159.8442,0,
1815.8031,159.5844,0,
1816.7674,158.9497,0,
1817.7317,158.4594,0,
1818.6960,158.3874,0,
1819.6603,158.2720,0,
1820.6246,157.7676,0,
1821.5890,157.2490,0,
1822.5533,157.0618,0,
1823.5176,156.8314,0,
1824.4819,156.1549,0,
1825.4462,155.5363,0,
1826.4105,155.5075,0,
1827.3748,155.5363,0,
1828.3392,155.0042,0,
1829.3035,154.3143,0,
1830.2678,154.1418,0,
1831.2321,154.2855,0,
1832.1964,154.0413,0,
1833.1607,153.4811,0,
1834.1250,153.2226,0,
1835.0894,153.1796,0,
1836.0537,152.8207,0,
1837.0180,152.2467,0,
1837.9823,152.0028,0,
1838.9466,152.0315,0,
1839.9109,151.8021,0,
1840.8752,151.2142,0,
1841.8395,150.7556,0,
1842.8039,150.4690,0,
1843.7682,149.9820,0,
1844.7325,149.4809,0,
1845.6968,149.3950,0,
1846.6611,149.4809,0,
1847.6254,149.2805,0,
1848.5898,148.8226,0,
1849.5541,148.5078,0,
1850.5184,148.4649,0,
1851.4827,148.3219,0,
1852.4470,147.8786,0,
1853.4113,147.4640,0,
1854.3756,147.3497,0,
1855.3400,147.2354,0,
1856.3043,146.7639,0,
1857.2686,146.2355,0,
1858.2329,146.0070,0,
1859.1972,145.9071,0,
1860.1615,145.5503,0,
1861.1258,145.0937,0,
1862.0901,144.9225,0,
1863.0545,144.8797,0,
1864.0188,144.5232,0,
1864.9831,143.9387,0,
1865.9474,143.5682,0,
1866.9117,143.3260,0,
1867.8760,142.8844,0,
1868.8403,142.3718,0,
1869.8047,142.2295,0,
1870.7690,142.3576,0,
1871.7333,142.2010,0,
1872.6976,141.7172,0,
1873.6619,141.3758,0,
1874.6262,141.2904,0,
1875.5905,141.0628,0,
1876.5548,140.5936,0,
1877.5192,140.2525,0,
1878.4835,140.1531,0,
1879.4478,139.9115,0,
1880.4121,139.4001,0,
1881.3764,138.9883,0,
1882.3407,138.8747,0,
1883.3050,138.6902,0,
1884.2694,138.2077,0,
1885.2337,137.7963,0,
1886.1980,137.6970,0,
1887.1623,137.5410,0,
1888.1266,136.9597,0,
1889.0909,136.3078,0,
1890.0552,136.1236,0,
1891.0196,136.1803,0,
1891.9839,135.8970,0,
1892.9482,135.4580,0,
1893.9125,135.1890,0,
1894.8768,134.9909,0,
1895.8411,134.5946,0,
1896.8055,134.1702,0,
1897.7698,133.9581,0,
1898.7341,133.8733,0,
1899.6984,133.5481,0,
1900.6627,133.0675,0,
1901.6270,132.8131,0,
1902.5913,132.7284,0,
1903.5556,132.3894,0,
1904.5200,131.8527,0,
1905.4843,131.5281,0,
1906.4486,131.4152,0,
1907.4129,131.1188,0,
1908.3772,130.6109,0,
1909.3415,130.2725,0,
1910.3058,130.2161,0,
1911.2702,130.0610,0,
1912.2345,129.6381,0,
1913.1988,129.2717,0,
1914.1631,129.1731,0,
1915.1274,129.0040,0,
1916.0917,128.5111,0,
1917.0560,127.9339,0,
1918.0204,127.6384,0,
1918.9847,127.6102,0,
1919.9490,127.3992,0,
1920.9133,127.0053,0,
1921.8776,126.7381,0,
1922.8419,126.5272,0,
1923.8062,126.2601,0,
1924.7705,126.0352,0,
1925.7349,125.9649,0,
1926.6992,125.8385,0,
1927.6635,125.4310,0,
1928.6278,124.9816,0,
1929.5921,124.7991,0,
1930.5564,124.7429,0,
1931.5207,124.4621,0,
1932.4851,124.0411,0,
1933.4494,123.8447,0,
1934.4137,123.7605,0,
1935.3780,123.4379,0,
1936.3423,122.9892,0,
1937.3066,122.7649,0,
1938.2709,122.7088,0,
1939.2353,122.4845,0,
1940.1996,122.0502,0,
1941.1639,121.6579,0,
1942.1282,121.3638,0,
1943.0925,121.1118,0,
1944.0568,120.8739,0,
1945.0211,120.7059,0,
1945.9854,120.6499,0,
1946.9498,120.5100,0,
1947.9141,120.1882,0,
1948.8784,119.9364,0,
1949.8427,119.8385,0,
1950.8070,119.6287,0,
1951.7713,119.2233,0,
1952.7357,118.8878,0,
1953.7000,118.8040,0,
1954.6643,118.6782,0,
1955.6286,118.3709,0,
1956.5929,118.0775,0,
1957.5572,117.9518,0,
1958.5215,117.7843,0,
1959.4859,117.4073,0,
1960.4502,117.0305,0,
1961.4145,116.9049,0,
1962.3788,116.8212,0,
1963.3431,116.5701,0,
1964.3074,116.2214,0,
1965.2717,116.0122,0,
1966.2360,115.7752,0,
1967.2004,115.3988,0,
1968.1647,115.0923,0,
1969.1290,115.0365,0,
1970.0933,115.0087,0,
1971.0576,114.7857,0,
1972.0219,114.4515,0,
1972.9862,114.2426,0,
1973.9506,114.1173,0,
1974.9149,113.8388,0,
1975.8792,113.4770,0,
1976.8435,113.2543,0,
1977.8078,113.1848,0,
1978.7721,112.9900,0,
1979.7364,112.6701,0,
1980.7008,112.4337,0,
1981.6651,112.2808,0,
1982.6294,112.0305,0,
1983.5937,111.6553,0,
1984.5580,111.4052,0,
1985.5223,111.3218,0,
1986.4866,111.1412,0,
1987.4509,110.7940,0,
1988.4153,110.5024,0,
1989.3796,110.3636,0,
1990.3439,110.0860,0,
1991.3082,109.6003,0,
1992.2725,109.2536,0,
1993.2368,109.2674,0,
1994.2012,109.2674,0,
1995.1655,109.0316,0,
1996.1298,108.7543,0,
1997.0941,108.5602,0,
1998.0584,108.3385,0,
1999.0227,107.9920,0,
1999.9870,107.7149,0,
